{
  "project_info": {
    "project_number": "468809148521",
    "project_id": "sekos2111",
    "storage_bucket": "sekos2111.firebasestorage.app"
  },
  "client": [
    {
      "client_info": {
        "mobilesdk_app_id": "1:468809148521:android:576b943389b46a37755af8",
        "android_client_info": {
          "package_name": "com.example.sekos"
        }
      },
      "oauth_client": [],
      "api_key": [
        {
          "current_key": "AIzaSyC9GAhSwqbSM_Sn8_KumdxUwqtG9ZWEbbQ"
        }
      ],
      "services": {
        "appinvite_service": {
          "other_platform_oauth_client": []
        }
      }
    }
  ],
  "configuration_version": "1"
}
